order_id,product_name,line_id,plant_id,quantity,start_date,end_date,status,priority
PO-00001,Engine Block,L001,P001,981,2023-09-28,2023-10-16,completed,high
PO-00002,Suspension Component,L005,P002,271,2024-08-21,2024-09-03,in_progress,normal
PO-00003,Engine Block,L006,P003,1351,2024-09-16,2024-09-24,planned,high
PO-00004,Engine Block,L005,P002,336,2024-10-26,2024-11-09,completed,low
PO-00005,Transmission Assembly,L008,P003,1867,2023-04-29,2023-05-03,completed,normal
PO-00006,Steering Column,L006,P003,908,2024-11-17,2024-12-11,in_progress,high
PO-00007,Exhaust System,L007,P003,1310,2024-11-01,2024-11-05,completed,critical
PO-00008,Exhaust System,L001,P001,960,2024-01-15,2024-01-22,cancelled,high
PO-00009,Suspension Component,L002,P001,174,2024-01-12,2024-01-30,completed,normal
PO-00010,Transmission Assembly,L002,P001,1364,2024-04-10,2024-04-13,in_progress,critical
PO-00011,Battery Module,L001,P001,1661,2023-12-08,2023-12-16,in_progress,low
PO-00012,Transmission Assembly,L004,P002,722,2024-08-23,2024-08-30,in_progress,high
PO-00013,Battery Module,L001,P001,316,2023-10-11,2023-11-08,completed,high
PO-00014,Vehicle Body Panel,L002,P001,319,2024-11-07,2024-12-05,completed,high
PO-00015,Vehicle Body Panel,L004,P002,406,2024-08-25,2024-09-05,completed,low
PO-00016,Engine Block,L007,P003,1025,2024-06-22,2024-06-26,completed,normal
PO-00017,Transmission Assembly,L002,P001,1986,2024-04-07,2024-04-24,in_progress,high
PO-00018,Vehicle Body Panel,L005,P002,174,2024-04-14,2024-05-05,cancelled,high
PO-00019,Exhaust System,L007,P003,200,2023-04-21,2023-05-07,planned,normal
PO-00020,Door Frame,L003,P001,1328,2023-03-09,2023-03-14,in_progress,normal
PO-00021,Steering Column,L006,P003,653,2024-01-26,2024-02-15,completed,normal
PO-00022,Steering Column,L002,P001,1526,2023-04-28,2023-05-26,planned,normal
PO-00023,Exhaust System,L004,P002,866,2024-02-28,2024-03-10,completed,low
PO-00024,Door Frame,L007,P003,816,2023-11-17,2023-12-09,cancelled,normal
PO-00025,Engine Block,L008,P003,240,2023-03-10,2023-03-13,completed,high
PO-00026,Vehicle Body Panel,L006,P003,1251,2023-05-14,2023-06-01,cancelled,normal
PO-00027,Brake Assembly,L002,P001,1827,2024-02-25,2024-03-08,planned,low
PO-00028,Suspension Component,L005,P002,262,2024-09-06,2024-09-16,in_progress,normal
PO-00029,Engine Block,L008,P003,767,2023-08-18,2023-09-15,planned,normal
PO-00030,Brake Assembly,L005,P002,1780,2024-08-10,2024-08-18,in_progress,high
PO-00031,Door Frame,L001,P001,109,2024-09-15,2024-10-15,completed,high
PO-00032,Vehicle Body Panel,L005,P002,421,2023-12-14,2023-12-26,planned,normal
PO-00033,Vehicle Body Panel,L007,P003,237,2023-03-13,2023-03-18,in_progress,normal
PO-00034,Battery Module,L007,P003,807,2024-04-09,2024-04-20,completed,normal
PO-00035,Battery Module,L002,P001,1595,2023-02-23,2023-02-28,in_progress,normal
PO-00036,Brake Assembly,L005,P002,1044,2024-03-29,2024-04-20,in_progress,normal
PO-00037,Suspension Component,L004,P002,930,2024-06-08,2024-06-12,completed,normal
PO-00038,Door Frame,L008,P003,143,2024-06-23,2024-07-15,completed,critical
PO-00039,Door Frame,L001,P001,1986,2023-01-08,2023-01-15,completed,low
PO-00040,Engine Block,L005,P002,65,2023-10-24,2023-11-04,completed,normal
PO-00041,Transmission Assembly,L003,P001,1074,2024-01-25,2024-02-12,in_progress,normal
PO-00042,Vehicle Body Panel,L006,P003,943,2023-03-15,2023-03-28,completed,high
PO-00043,Dashboard Assembly,L006,P003,878,2024-08-12,2024-08-26,in_progress,normal
PO-00044,Suspension Component,L002,P001,401,2024-02-19,2024-02-20,planned,normal
PO-00045,Engine Block,L006,P003,548,2023-04-01,2023-04-15,completed,normal
PO-00046,Door Frame,L002,P001,1577,2024-02-10,2024-03-09,completed,normal
PO-00047,Engine Block,L003,P001,1136,2023-03-20,2023-04-06,completed,high
PO-00048,Battery Module,L006,P003,533,2023-12-26,2024-01-19,completed,normal
PO-00049,Engine Block,L003,P001,412,2024-09-08,2024-09-13,cancelled,normal
PO-00050,Dashboard Assembly,L008,P003,969,2024-07-31,2024-08-25,in_progress,high
PO-00051,Battery Module,L006,P003,950,2024-10-04,2024-10-15,completed,normal
PO-00052,Vehicle Body Panel,L005,P002,770,2023-10-09,2023-10-28,completed,normal
PO-00053,Suspension Component,L008,P003,1753,2023-02-08,2023-02-10,completed,normal
PO-00054,Steering Column,L002,P001,837,2024-09-21,2024-10-11,completed,normal
PO-00055,Dashboard Assembly,L001,P001,1384,2024-04-05,2024-05-05,completed,normal
PO-00056,Engine Block,L003,P001,1710,2023-03-05,2023-03-20,planned,normal
PO-00057,Battery Module,L002,P001,130,2024-05-31,2024-06-21,completed,normal
PO-00058,Dashboard Assembly,L008,P003,375,2024-06-20,2024-07-07,completed,high
PO-00059,Suspension Component,L007,P003,1440,2024-02-23,2024-03-19,in_progress,high
PO-00060,Engine Block,L006,P003,1192,2023-03-09,2023-03-20,in_progress,normal
PO-00061,Dashboard Assembly,L003,P001,1409,2023-12-08,2023-12-11,completed,normal
PO-00062,Engine Block,L007,P003,684,2023-05-13,2023-06-02,in_progress,normal
PO-00063,Steering Column,L006,P003,241,2023-05-11,2023-06-02,in_progress,normal
PO-00064,Door Frame,L006,P003,419,2023-01-19,2023-01-31,cancelled,normal
PO-00065,Battery Module,L008,P003,367,2023-07-16,2023-07-24,completed,high
PO-00066,Steering Column,L002,P001,1760,2024-06-03,2024-06-28,in_progress,normal
PO-00067,Dashboard Assembly,L006,P003,821,2024-09-24,2024-09-29,completed,normal
PO-00068,Brake Assembly,L003,P001,796,2024-03-24,2024-03-26,in_progress,normal
PO-00069,Exhaust System,L008,P003,529,2024-09-17,2024-09-27,completed,normal
PO-00070,Dashboard Assembly,L008,P003,952,2023-07-18,2023-07-30,completed,normal
PO-00071,Brake Assembly,L007,P003,381,2024-05-29,2024-06-15,planned,high
PO-00072,Exhaust System,L003,P001,1840,2023-09-14,2023-09-16,completed,high
PO-00073,Battery Module,L002,P001,608,2023-10-19,2023-10-22,completed,normal
PO-00074,Transmission Assembly,L007,P003,1722,2023-04-04,2023-05-04,completed,normal
PO-00075,Brake Assembly,L001,P001,1078,2024-02-29,2024-03-02,completed,normal
PO-00076,Vehicle Body Panel,L002,P001,702,2024-01-19,2024-01-27,planned,high
PO-00077,Vehicle Body Panel,L006,P003,637,2023-05-30,2023-06-04,planned,normal
PO-00078,Dashboard Assembly,L003,P001,60,2024-04-25,2024-05-10,planned,low
PO-00079,Dashboard Assembly,L004,P002,1130,2023-06-03,2023-06-21,completed,high
PO-00080,Vehicle Body Panel,L004,P002,538,2023-11-05,2023-11-09,completed,high
PO-00081,Exhaust System,L008,P003,1272,2023-03-06,2023-03-10,completed,normal
PO-00082,Brake Assembly,L004,P002,53,2023-05-28,2023-06-07,in_progress,normal
PO-00083,Engine Block,L007,P003,1122,2023-07-11,2023-08-02,cancelled,low
PO-00084,Exhaust System,L001,P001,139,2024-02-04,2024-03-03,in_progress,critical
PO-00085,Engine Block,L005,P002,756,2023-01-17,2023-01-29,completed,normal
PO-00086,Suspension Component,L002,P001,323,2024-08-18,2024-09-11,completed,normal
PO-00087,Exhaust System,L003,P001,1343,2024-04-20,2024-05-13,completed,low
PO-00088,Transmission Assembly,L008,P003,139,2023-02-07,2023-02-17,in_progress,high
PO-00089,Brake Assembly,L006,P003,1719,2023-11-14,2023-12-01,completed,normal
PO-00090,Vehicle Body Panel,L004,P002,1823,2023-10-20,2023-11-01,in_progress,normal
PO-00091,Brake Assembly,L006,P003,1572,2024-03-23,2024-04-21,completed,critical
PO-00092,Exhaust System,L006,P003,802,2023-07-11,2023-07-27,planned,normal
PO-00093,Brake Assembly,L002,P001,1283,2024-03-10,2024-03-13,cancelled,normal
PO-00094,Engine Block,L005,P002,721,2023-11-25,2023-11-29,in_progress,normal
PO-00095,Exhaust System,L007,P003,769,2023-06-20,2023-07-13,completed,high
PO-00096,Door Frame,L006,P003,1359,2024-09-21,2024-10-05,cancelled,high
PO-00097,Brake Assembly,L002,P001,794,2024-11-18,2024-12-09,completed,high
PO-00098,Dashboard Assembly,L003,P001,1438,2023-02-01,2023-02-06,in_progress,low
PO-00099,Suspension Component,L002,P001,791,2023-08-30,2023-09-24,completed,normal
PO-00100,Suspension Component,L003,P001,811,2024-11-26,2024-12-11,completed,low
PO-00101,Brake Assembly,L003,P001,693,2024-06-26,2024-07-08,in_progress,normal
PO-00102,Battery Module,L002,P001,1072,2023-01-27,2023-02-20,completed,high
PO-00103,Door Frame,L002,P001,1491,2023-09-26,2023-10-21,completed,critical
PO-00104,Engine Block,L005,P002,327,2024-05-17,2024-05-24,planned,normal
PO-00105,Suspension Component,L008,P003,1417,2023-03-31,2023-04-26,completed,low
PO-00106,Battery Module,L005,P002,1507,2023-11-04,2023-12-02,in_progress,high
PO-00107,Transmission Assembly,L003,P001,298,2024-01-06,2024-01-23,cancelled,high
PO-00108,Suspension Component,L004,P002,1184,2024-05-20,2024-05-21,in_progress,normal
PO-00109,Engine Block,L003,P001,184,2024-09-18,2024-10-17,completed,critical
PO-00110,Brake Assembly,L008,P003,1736,2024-06-22,2024-07-06,in_progress,low
PO-00111,Exhaust System,L006,P003,1004,2024-10-19,2024-10-22,in_progress,normal
PO-00112,Steering Column,L003,P001,1915,2023-05-13,2023-05-27,planned,high
PO-00113,Battery Module,L003,P001,710,2023-11-08,2023-11-14,planned,normal
PO-00114,Transmission Assembly,L005,P002,1350,2023-03-22,2023-03-31,cancelled,normal
PO-00115,Engine Block,L005,P002,1079,2024-09-21,2024-10-09,in_progress,normal
PO-00116,Dashboard Assembly,L003,P001,1525,2023-06-25,2023-07-17,planned,normal
PO-00117,Vehicle Body Panel,L001,P001,1992,2023-01-30,2023-02-02,in_progress,normal
PO-00118,Dashboard Assembly,L004,P002,1358,2024-08-08,2024-08-22,completed,high
PO-00119,Exhaust System,L005,P002,551,2024-10-19,2024-10-29,planned,normal
PO-00120,Vehicle Body Panel,L005,P002,373,2024-04-09,2024-04-12,completed,normal
PO-00121,Battery Module,L004,P002,690,2023-12-15,2024-01-04,planned,normal
PO-00122,Suspension Component,L006,P003,1104,2024-02-13,2024-02-18,in_progress,normal
PO-00123,Exhaust System,L008,P003,557,2023-05-06,2023-05-15,completed,low
PO-00124,Transmission Assembly,L007,P003,1822,2024-09-22,2024-10-06,planned,high
PO-00125,Battery Module,L006,P003,1070,2023-07-14,2023-08-08,cancelled,normal
PO-00126,Engine Block,L005,P002,1985,2024-05-24,2024-05-25,completed,normal
PO-00127,Suspension Component,L004,P002,149,2023-08-09,2023-08-28,completed,normal
PO-00128,Vehicle Body Panel,L008,P003,1785,2023-10-20,2023-11-07,completed,low
PO-00129,Brake Assembly,L005,P002,799,2024-01-10,2024-02-04,completed,low
PO-00130,Door Frame,L004,P002,200,2024-01-07,2024-01-25,completed,normal
PO-00131,Dashboard Assembly,L005,P002,293,2024-09-30,2024-10-22,completed,low
PO-00132,Suspension Component,L006,P003,1596,2023-12-14,2024-01-01,completed,normal
PO-00133,Vehicle Body Panel,L007,P003,129,2024-05-27,2024-05-29,completed,normal
PO-00134,Battery Module,L008,P003,1291,2024-06-15,2024-06-30,planned,low
PO-00135,Dashboard Assembly,L006,P003,1564,2023-06-16,2023-06-29,planned,normal
PO-00136,Exhaust System,L008,P003,1720,2024-07-30,2024-08-09,completed,normal
PO-00137,Door Frame,L002,P001,1681,2024-03-02,2024-03-21,planned,high
PO-00138,Door Frame,L001,P001,1392,2024-09-03,2024-09-19,in_progress,high
PO-00139,Exhaust System,L004,P002,399,2023-02-22,2023-03-13,completed,high
PO-00140,Transmission Assembly,L007,P003,114,2023-06-01,2023-06-28,in_progress,high
PO-00141,Suspension Component,L004,P002,907,2023-01-20,2023-02-04,completed,normal
PO-00142,Dashboard Assembly,L007,P003,1935,2024-05-28,2024-06-22,completed,high
PO-00143,Transmission Assembly,L001,P001,1198,2023-05-22,2023-06-08,completed,normal
PO-00144,Exhaust System,L007,P003,1918,2023-11-18,2023-11-24,completed,normal
PO-00145,Transmission Assembly,L005,P002,554,2024-09-16,2024-10-02,completed,normal
PO-00146,Transmission Assembly,L005,P002,1463,2023-10-23,2023-11-15,in_progress,normal
PO-00147,Door Frame,L006,P003,639,2024-07-27,2024-08-26,completed,normal
PO-00148,Suspension Component,L007,P003,1633,2024-02-09,2024-03-07,planned,normal
PO-00149,Exhaust System,L005,P002,1393,2023-03-22,2023-04-03,completed,normal
PO-00150,Steering Column,L004,P002,1475,2024-07-05,2024-07-14,completed,low
PO-00151,Steering Column,L004,P002,512,2023-09-06,2023-09-08,in_progress,low
PO-00152,Exhaust System,L007,P003,255,2023-12-05,2023-12-28,in_progress,low
PO-00153,Exhaust System,L003,P001,1027,2024-02-21,2024-03-13,in_progress,high
PO-00154,Vehicle Body Panel,L005,P002,1909,2023-11-25,2023-12-05,in_progress,normal
PO-00155,Vehicle Body Panel,L004,P002,1920,2024-07-01,2024-07-25,planned,normal
PO-00156,Brake Assembly,L003,P001,1663,2023-02-07,2023-03-06,completed,high
PO-00157,Door Frame,L005,P002,1213,2023-02-08,2023-02-09,in_progress,high
PO-00158,Steering Column,L006,P003,1123,2023-10-19,2023-11-03,completed,high
PO-00159,Engine Block,L008,P003,727,2023-10-07,2023-10-14,completed,normal
PO-00160,Suspension Component,L005,P002,1669,2023-07-10,2023-07-11,completed,normal
PO-00161,Brake Assembly,L004,P002,1743,2023-06-29,2023-07-19,completed,normal
PO-00162,Battery Module,L007,P003,337,2024-11-16,2024-11-20,completed,high
PO-00163,Transmission Assembly,L001,P001,964,2023-09-25,2023-10-08,in_progress,critical
PO-00164,Dashboard Assembly,L005,P002,73,2024-08-19,2024-09-12,completed,normal
PO-00165,Engine Block,L004,P002,1003,2023-03-05,2023-03-27,completed,normal
PO-00166,Door Frame,L005,P002,802,2023-05-01,2023-05-22,in_progress,normal
PO-00167,Exhaust System,L003,P001,1581,2024-05-04,2024-05-09,cancelled,normal
PO-00168,Transmission Assembly,L008,P003,1610,2024-07-04,2024-07-30,completed,high
PO-00169,Steering Column,L002,P001,1491,2024-06-22,2024-07-07,completed,high
PO-00170,Steering Column,L002,P001,1899,2023-03-05,2023-04-01,completed,normal
PO-00171,Steering Column,L003,P001,954,2023-06-18,2023-06-29,completed,normal
PO-00172,Steering Column,L008,P003,962,2023-04-04,2023-05-03,planned,normal
PO-00173,Vehicle Body Panel,L007,P003,1194,2024-04-12,2024-05-01,completed,high
PO-00174,Vehicle Body Panel,L001,P001,1577,2024-02-10,2024-02-19,completed,low
PO-00175,Engine Block,L007,P003,1158,2023-12-19,2024-01-11,cancelled,high
PO-00176,Door Frame,L002,P001,887,2024-04-28,2024-04-30,completed,low
PO-00177,Brake Assembly,L007,P003,968,2024-01-19,2024-02-17,planned,high
PO-00178,Steering Column,L007,P003,322,2023-03-24,2023-04-15,in_progress,normal
PO-00179,Steering Column,L003,P001,310,2024-07-04,2024-07-17,in_progress,normal
PO-00180,Exhaust System,L001,P001,1429,2023-01-24,2023-02-03,in_progress,normal
PO-00181,Exhaust System,L007,P003,758,2023-08-24,2023-09-01,completed,normal
PO-00182,Brake Assembly,L002,P001,1309,2023-02-02,2023-02-28,in_progress,high
PO-00183,Engine Block,L001,P001,256,2023-09-04,2023-09-11,in_progress,normal
PO-00184,Vehicle Body Panel,L001,P001,873,2023-09-08,2023-10-02,completed,normal
PO-00185,Door Frame,L001,P001,529,2023-05-24,2023-06-10,planned,high
PO-00186,Suspension Component,L006,P003,535,2024-08-14,2024-09-03,completed,low
PO-00187,Door Frame,L004,P002,174,2024-02-28,2024-03-09,in_progress,normal
PO-00188,Brake Assembly,L003,P001,1188,2024-10-03,2024-10-25,completed,critical
PO-00189,Brake Assembly,L007,P003,886,2024-06-21,2024-07-02,completed,normal
PO-00190,Transmission Assembly,L008,P003,665,2023-09-04,2023-10-02,planned,low
PO-00191,Brake Assembly,L008,P003,903,2023-03-01,2023-03-19,in_progress,low
PO-00192,Suspension Component,L004,P002,1374,2023-09-19,2023-09-26,completed,normal
PO-00193,Transmission Assembly,L006,P003,155,2023-04-05,2023-04-23,completed,normal
PO-00194,Dashboard Assembly,L001,P001,1533,2023-03-16,2023-03-23,in_progress,normal
PO-00195,Vehicle Body Panel,L004,P002,483,2023-12-07,2023-12-17,planned,critical
PO-00196,Transmission Assembly,L002,P001,1474,2024-05-05,2024-06-04,in_progress,normal
PO-00197,Door Frame,L004,P002,829,2024-07-19,2024-07-30,completed,normal
PO-00198,Steering Column,L005,P002,1857,2023-09-25,2023-10-07,completed,low
PO-00199,Transmission Assembly,L008,P003,809,2023-11-24,2023-12-24,completed,low
PO-00200,Door Frame,L004,P002,1183,2023-05-30,2023-05-31,planned,normal
PO-00201,Transmission Assembly,L007,P003,725,2023-10-30,2023-11-04,completed,normal
PO-00202,Suspension Component,L004,P002,577,2024-05-26,2024-06-13,in_progress,normal
PO-00203,Suspension Component,L008,P003,396,2024-04-16,2024-04-22,completed,normal
PO-00204,Vehicle Body Panel,L003,P001,1123,2024-07-09,2024-07-30,completed,high
PO-00205,Battery Module,L001,P001,1775,2023-01-07,2023-01-21,in_progress,low
PO-00206,Steering Column,L003,P001,983,2023-01-10,2023-01-17,completed,normal
PO-00207,Vehicle Body Panel,L008,P003,63,2024-11-06,2024-11-22,completed,normal
PO-00208,Door Frame,L001,P001,1147,2024-06-26,2024-07-20,cancelled,low
PO-00209,Engine Block,L007,P003,1123,2023-07-03,2023-07-07,completed,normal
PO-00210,Brake Assembly,L005,P002,211,2023-12-29,2024-01-07,completed,normal
PO-00211,Engine Block,L004,P002,1388,2023-08-20,2023-08-30,cancelled,normal
PO-00212,Brake Assembly,L001,P001,822,2023-04-06,2023-04-19,in_progress,low
PO-00213,Exhaust System,L001,P001,1781,2023-06-25,2023-06-28,completed,high
PO-00214,Vehicle Body Panel,L002,P001,520,2024-06-24,2024-07-24,completed,high
PO-00215,Engine Block,L008,P003,1451,2023-10-05,2023-10-07,planned,high
PO-00216,Suspension Component,L001,P001,82,2023-07-03,2023-08-02,cancelled,normal
PO-00217,Battery Module,L007,P003,1204,2023-03-20,2023-03-30,completed,high
PO-00218,Steering Column,L007,P003,729,2024-11-24,2024-12-23,completed,high
PO-00219,Suspension Component,L002,P001,159,2024-05-27,2024-06-20,completed,normal
PO-00220,Dashboard Assembly,L002,P001,1269,2023-12-15,2024-01-04,completed,high
PO-00221,Exhaust System,L001,P001,1054,2024-10-11,2024-10-20,completed,normal
PO-00222,Dashboard Assembly,L007,P003,1403,2024-03-18,2024-03-24,completed,high
PO-00223,Engine Block,L005,P002,218,2023-09-10,2023-10-03,completed,normal
PO-00224,Suspension Component,L003,P001,268,2024-02-03,2024-02-14,completed,high
PO-00225,Door Frame,L008,P003,259,2024-01-04,2024-01-29,completed,normal
PO-00226,Steering Column,L008,P003,885,2024-07-24,2024-08-11,completed,low
PO-00227,Suspension Component,L002,P001,1818,2024-09-03,2024-09-23,completed,normal
PO-00228,Steering Column,L007,P003,1903,2023-03-28,2023-04-21,cancelled,normal
PO-00229,Battery Module,L003,P001,600,2024-01-25,2024-01-31,completed,normal
PO-00230,Door Frame,L002,P001,912,2023-06-21,2023-07-05,completed,high
PO-00231,Exhaust System,L006,P003,1266,2023-09-15,2023-09-23,in_progress,normal
PO-00232,Brake Assembly,L003,P001,730,2023-11-08,2023-11-09,planned,normal
PO-00233,Brake Assembly,L006,P003,1720,2024-03-26,2024-04-06,planned,normal
PO-00234,Dashboard Assembly,L003,P001,1990,2023-11-04,2023-11-15,in_progress,normal
PO-00235,Door Frame,L003,P001,1555,2024-02-12,2024-02-23,in_progress,normal
PO-00236,Door Frame,L004,P002,1722,2023-11-30,2023-12-13,in_progress,normal
PO-00237,Battery Module,L004,P002,1446,2024-08-29,2024-09-16,in_progress,low
PO-00238,Door Frame,L008,P003,1752,2023-08-03,2023-08-18,in_progress,high
PO-00239,Battery Module,L007,P003,1347,2024-11-20,2024-12-06,completed,normal
PO-00240,Brake Assembly,L003,P001,201,2024-03-09,2024-04-04,completed,normal
PO-00241,Brake Assembly,L007,P003,1163,2024-07-01,2024-07-18,completed,critical
PO-00242,Transmission Assembly,L002,P001,1396,2023-04-22,2023-05-17,in_progress,normal
PO-00243,Brake Assembly,L001,P001,1591,2024-07-30,2024-08-20,completed,high
PO-00244,Door Frame,L002,P001,504,2023-01-11,2023-01-15,completed,normal
PO-00245,Brake Assembly,L004,P002,998,2024-04-01,2024-04-13,in_progress,normal
PO-00246,Exhaust System,L003,P001,264,2023-12-20,2023-12-21,completed,high
PO-00247,Battery Module,L002,P001,763,2023-04-29,2023-05-26,completed,normal
PO-00248,Suspension Component,L004,P002,1025,2024-06-17,2024-07-03,completed,high
PO-00249,Door Frame,L008,P003,141,2023-11-23,2023-11-26,planned,low
PO-00250,Battery Module,L006,P003,1954,2024-10-25,2024-10-29,cancelled,normal
PO-00251,Suspension Component,L003,P001,1196,2024-07-19,2024-07-25,completed,normal
PO-00252,Battery Module,L007,P003,1361,2024-10-06,2024-10-12,in_progress,normal
PO-00253,Brake Assembly,L004,P002,846,2024-04-05,2024-04-24,completed,normal
PO-00254,Engine Block,L005,P002,1687,2023-03-06,2023-03-25,planned,normal
PO-00255,Engine Block,L006,P003,587,2023-07-21,2023-08-05,in_progress,normal
PO-00256,Dashboard Assembly,L006,P003,853,2024-09-03,2024-09-16,in_progress,normal
PO-00257,Door Frame,L008,P003,1931,2024-09-24,2024-09-30,in_progress,low
PO-00258,Transmission Assembly,L003,P001,675,2023-11-17,2023-11-21,completed,normal
PO-00259,Brake Assembly,L003,P001,1271,2024-06-07,2024-06-20,completed,normal
PO-00260,Steering Column,L003,P001,1470,2024-05-13,2024-06-03,planned,high
PO-00261,Exhaust System,L003,P001,641,2024-07-22,2024-07-28,completed,normal
PO-00262,Suspension Component,L008,P003,1999,2024-09-26,2024-09-28,completed,low
PO-00263,Exhaust System,L007,P003,887,2024-07-29,2024-08-15,in_progress,normal
PO-00264,Engine Block,L008,P003,1207,2024-05-15,2024-05-21,completed,high
PO-00265,Transmission Assembly,L005,P002,1151,2023-02-03,2023-02-12,completed,high
PO-00266,Engine Block,L008,P003,1222,2024-07-16,2024-08-02,completed,high
PO-00267,Vehicle Body Panel,L006,P003,1606,2024-07-09,2024-08-05,in_progress,normal
PO-00268,Transmission Assembly,L007,P003,659,2023-04-15,2023-05-09,planned,low
PO-00269,Engine Block,L005,P002,949,2023-12-23,2024-01-20,planned,low
PO-00270,Dashboard Assembly,L004,P002,1461,2023-08-03,2023-08-29,completed,high
PO-00271,Battery Module,L007,P003,1657,2023-06-19,2023-07-09,completed,normal
PO-00272,Steering Column,L001,P001,625,2024-08-06,2024-08-18,in_progress,normal
PO-00273,Door Frame,L005,P002,2000,2023-10-24,2023-11-12,planned,critical
PO-00274,Brake Assembly,L002,P001,1931,2023-05-19,2023-06-13,completed,normal
PO-00275,Battery Module,L003,P001,1506,2023-05-16,2023-05-24,completed,normal
PO-00276,Dashboard Assembly,L007,P003,1345,2024-05-16,2024-05-21,completed,normal
PO-00277,Engine Block,L008,P003,875,2023-03-19,2023-04-09,completed,normal
PO-00278,Suspension Component,L006,P003,1241,2024-04-10,2024-04-26,completed,high
PO-00279,Suspension Component,L002,P001,1791,2024-04-14,2024-05-05,completed,normal
PO-00280,Transmission Assembly,L004,P002,1063,2024-03-15,2024-04-11,completed,high
PO-00281,Battery Module,L006,P003,1209,2024-07-14,2024-08-02,planned,high
PO-00282,Exhaust System,L001,P001,83,2023-02-17,2023-02-21,completed,high
PO-00283,Brake Assembly,L008,P003,464,2024-04-12,2024-04-13,cancelled,high
PO-00284,Door Frame,L005,P002,241,2023-06-12,2023-07-10,in_progress,normal
PO-00285,Battery Module,L006,P003,156,2024-11-11,2024-12-10,completed,normal
PO-00286,Engine Block,L004,P002,1491,2024-03-15,2024-04-05,completed,normal
PO-00287,Transmission Assembly,L002,P001,1113,2023-05-16,2023-06-04,in_progress,low
PO-00288,Brake Assembly,L006,P003,1471,2023-05-04,2023-06-01,completed,low
PO-00289,Engine Block,L007,P003,261,2023-04-02,2023-04-26,completed,high
PO-00290,Battery Module,L003,P001,1363,2024-01-27,2024-02-21,cancelled,low
PO-00291,Battery Module,L001,P001,951,2024-09-16,2024-10-07,completed,normal
PO-00292,Exhaust System,L003,P001,1811,2024-02-26,2024-03-17,completed,high
PO-00293,Brake Assembly,L003,P001,769,2023-05-07,2023-05-26,cancelled,normal
PO-00294,Engine Block,L003,P001,558,2023-09-11,2023-09-20,in_progress,normal
PO-00295,Door Frame,L005,P002,470,2023-01-28,2023-02-25,completed,normal
PO-00296,Vehicle Body Panel,L007,P003,1655,2023-10-30,2023-11-20,planned,critical
PO-00297,Transmission Assembly,L008,P003,1073,2024-01-31,2024-02-04,in_progress,low
PO-00298,Suspension Component,L001,P001,320,2024-01-05,2024-02-04,completed,high
PO-00299,Battery Module,L007,P003,1612,2024-01-10,2024-01-28,completed,critical
PO-00300,Engine Block,L002,P001,78,2023-01-18,2023-02-06,completed,low
PO-00301,Door Frame,L001,P001,1337,2024-02-12,2024-02-29,in_progress,high
PO-00302,Steering Column,L007,P003,1151,2024-02-16,2024-02-19,in_progress,normal
PO-00303,Transmission Assembly,L005,P002,1704,2023-03-22,2023-04-08,completed,normal
PO-00304,Brake Assembly,L002,P001,1544,2023-11-14,2023-12-07,cancelled,normal
PO-00305,Brake Assembly,L004,P002,287,2023-03-30,2023-04-29,completed,normal
PO-00306,Battery Module,L005,P002,294,2024-11-13,2024-12-07,completed,low
PO-00307,Suspension Component,L001,P001,1121,2023-06-17,2023-07-03,completed,high
PO-00308,Battery Module,L005,P002,1585,2023-06-20,2023-07-02,in_progress,normal
PO-00309,Brake Assembly,L002,P001,607,2023-01-31,2023-02-11,completed,normal
PO-00310,Steering Column,L002,P001,787,2024-05-23,2024-06-07,completed,high
PO-00311,Door Frame,L003,P001,1633,2024-01-12,2024-01-18,completed,normal
PO-00312,Steering Column,L002,P001,55,2023-08-22,2023-09-15,completed,high
PO-00313,Suspension Component,L004,P002,834,2023-02-17,2023-03-05,planned,normal
PO-00314,Brake Assembly,L001,P001,509,2024-07-20,2024-08-15,completed,normal
PO-00315,Engine Block,L006,P003,1220,2023-10-05,2023-11-01,completed,normal
PO-00316,Steering Column,L001,P001,144,2023-07-03,2023-07-11,cancelled,low
PO-00317,Door Frame,L008,P003,720,2023-10-17,2023-11-11,completed,normal
PO-00318,Dashboard Assembly,L006,P003,1656,2023-07-25,2023-08-04,completed,normal
PO-00319,Exhaust System,L008,P003,1632,2024-01-13,2024-02-01,in_progress,high
PO-00320,Brake Assembly,L004,P002,98,2023-06-04,2023-06-05,completed,normal
PO-00321,Brake Assembly,L001,P001,1788,2023-12-10,2023-12-11,in_progress,normal
PO-00322,Brake Assembly,L004,P002,1057,2024-06-26,2024-07-04,cancelled,critical
PO-00323,Vehicle Body Panel,L003,P001,1936,2023-10-14,2023-10-17,completed,high
PO-00324,Engine Block,L007,P003,1239,2024-01-17,2024-02-01,completed,low
PO-00325,Dashboard Assembly,L007,P003,177,2023-03-18,2023-04-06,completed,critical
PO-00326,Suspension Component,L004,P002,1946,2023-10-26,2023-11-04,planned,high
PO-00327,Door Frame,L006,P003,528,2023-11-22,2023-12-07,completed,normal
PO-00328,Battery Module,L002,P001,970,2023-06-09,2023-06-13,completed,normal
PO-00329,Door Frame,L006,P003,998,2023-08-01,2023-08-16,completed,low
PO-00330,Dashboard Assembly,L003,P001,132,2023-11-08,2023-12-05,completed,high
PO-00331,Transmission Assembly,L003,P001,778,2023-04-04,2023-04-27,completed,low
PO-00332,Battery Module,L005,P002,113,2023-09-24,2023-10-21,cancelled,high
PO-00333,Engine Block,L004,P002,1696,2023-04-07,2023-04-22,in_progress,low
PO-00334,Transmission Assembly,L001,P001,1736,2023-08-16,2023-08-21,completed,normal
PO-00335,Door Frame,L002,P001,1928,2024-08-19,2024-09-07,planned,low
PO-00336,Exhaust System,L002,P001,1707,2023-07-22,2023-08-20,completed,high
PO-00337,Exhaust System,L006,P003,153,2023-05-06,2023-05-08,completed,normal
PO-00338,Brake Assembly,L007,P003,1449,2024-05-23,2024-05-24,completed,normal
PO-00339,Exhaust System,L003,P001,1859,2023-10-09,2023-10-18,completed,normal
PO-00340,Exhaust System,L004,P002,893,2024-10-24,2024-11-03,planned,normal
PO-00341,Battery Module,L002,P001,908,2023-10-14,2023-10-27,completed,high
PO-00342,Steering Column,L004,P002,1677,2024-10-07,2024-11-02,completed,normal
PO-00343,Exhaust System,L006,P003,754,2024-05-06,2024-05-24,planned,normal
PO-00344,Vehicle Body Panel,L007,P003,703,2023-10-04,2023-10-10,in_progress,low
PO-00345,Exhaust System,L005,P002,1134,2023-03-01,2023-03-27,completed,normal
PO-00346,Transmission Assembly,L004,P002,1395,2023-06-13,2023-06-17,completed,normal
PO-00347,Brake Assembly,L001,P001,776,2023-08-13,2023-09-01,planned,critical
PO-00348,Dashboard Assembly,L003,P001,701,2023-06-30,2023-07-08,planned,normal
PO-00349,Dashboard Assembly,L001,P001,341,2023-12-27,2024-01-15,in_progress,normal
PO-00350,Battery Module,L008,P003,1054,2024-07-09,2024-07-19,completed,low
PO-00351,Exhaust System,L004,P002,51,2023-01-21,2023-02-07,completed,normal
PO-00352,Battery Module,L003,P001,1931,2023-12-15,2024-01-07,planned,high
PO-00353,Dashboard Assembly,L001,P001,1493,2023-01-23,2023-01-28,planned,high
PO-00354,Brake Assembly,L006,P003,1250,2023-03-16,2023-03-28,completed,normal
PO-00355,Brake Assembly,L003,P001,1671,2023-06-11,2023-07-05,in_progress,normal
PO-00356,Steering Column,L006,P003,1470,2023-06-28,2023-07-21,planned,normal
PO-00357,Dashboard Assembly,L006,P003,1718,2023-08-17,2023-09-08,completed,normal
PO-00358,Vehicle Body Panel,L005,P002,1993,2023-05-11,2023-05-17,in_progress,normal
PO-00359,Suspension Component,L001,P001,1936,2023-07-06,2023-07-26,planned,normal
PO-00360,Suspension Component,L002,P001,1576,2024-05-23,2024-05-28,completed,normal
PO-00361,Engine Block,L006,P003,1732,2023-06-21,2023-07-12,in_progress,normal
PO-00362,Door Frame,L006,P003,479,2024-04-02,2024-04-03,completed,low
PO-00363,Vehicle Body Panel,L005,P002,148,2023-04-21,2023-05-15,completed,high
PO-00364,Brake Assembly,L003,P001,769,2024-02-28,2024-03-15,completed,low
PO-00365,Transmission Assembly,L008,P003,383,2024-08-14,2024-09-04,completed,high
PO-00366,Suspension Component,L001,P001,584,2023-10-29,2023-10-30,cancelled,low
PO-00367,Engine Block,L003,P001,1170,2024-01-20,2024-01-26,planned,critical
PO-00368,Exhaust System,L006,P003,1492,2024-08-31,2024-09-20,completed,high
PO-00369,Brake Assembly,L003,P001,371,2024-09-13,2024-10-12,completed,normal
PO-00370,Steering Column,L004,P002,1528,2024-02-24,2024-03-18,planned,normal
PO-00371,Engine Block,L005,P002,151,2023-11-01,2023-11-09,completed,normal
PO-00372,Suspension Component,L008,P003,57,2023-06-07,2023-06-09,completed,normal
PO-00373,Vehicle Body Panel,L008,P003,473,2023-07-24,2023-07-28,completed,normal
PO-00374,Engine Block,L002,P001,681,2024-04-29,2024-05-27,in_progress,normal
PO-00375,Steering Column,L005,P002,843,2023-04-04,2023-04-25,completed,high
PO-00376,Vehicle Body Panel,L006,P003,589,2023-07-11,2023-07-26,completed,normal
PO-00377,Battery Module,L005,P002,1590,2024-07-31,2024-08-02,in_progress,low
PO-00378,Dashboard Assembly,L006,P003,515,2024-07-08,2024-07-22,in_progress,high
PO-00379,Exhaust System,L007,P003,1222,2024-07-02,2024-07-24,planned,normal
PO-00380,Vehicle Body Panel,L002,P001,1078,2024-02-09,2024-03-09,in_progress,normal
PO-00381,Exhaust System,L003,P001,404,2023-05-04,2023-05-29,planned,normal
PO-00382,Vehicle Body Panel,L004,P002,917,2023-07-17,2023-07-22,completed,normal
PO-00383,Dashboard Assembly,L004,P002,578,2024-10-04,2024-10-09,completed,high
PO-00384,Steering Column,L002,P001,863,2023-03-31,2023-04-13,in_progress,high
PO-00385,Dashboard Assembly,L008,P003,1253,2023-01-13,2023-02-08,completed,normal
PO-00386,Dashboard Assembly,L007,P003,1254,2023-06-03,2023-06-08,in_progress,critical
PO-00387,Engine Block,L002,P001,1659,2023-04-19,2023-05-08,completed,normal
PO-00388,Brake Assembly,L006,P003,1391,2024-02-25,2024-03-05,completed,normal
PO-00389,Brake Assembly,L001,P001,344,2023-06-26,2023-07-05,in_progress,normal
PO-00390,Suspension Component,L007,P003,1464,2023-02-09,2023-02-22,completed,high
PO-00391,Suspension Component,L005,P002,1724,2024-01-17,2024-01-18,in_progress,normal
PO-00392,Transmission Assembly,L008,P003,325,2023-04-11,2023-05-09,completed,high
PO-00393,Brake Assembly,L006,P003,1288,2023-10-03,2023-10-27,in_progress,normal
PO-00394,Exhaust System,L004,P002,1605,2024-02-21,2024-03-16,completed,normal
PO-00395,Battery Module,L001,P001,184,2024-06-11,2024-07-07,completed,normal
PO-00396,Dashboard Assembly,L003,P001,109,2024-06-20,2024-07-19,completed,high
PO-00397,Vehicle Body Panel,L004,P002,984,2023-03-01,2023-03-09,completed,normal
PO-00398,Exhaust System,L004,P002,1084,2023-10-08,2023-10-20,completed,high
PO-00399,Exhaust System,L001,P001,1266,2023-09-05,2023-09-17,completed,critical
PO-00400,Suspension Component,L008,P003,755,2024-08-23,2024-09-10,completed,high
PO-00401,Brake Assembly,L002,P001,151,2023-10-19,2023-10-20,completed,normal
PO-00402,Transmission Assembly,L004,P002,1437,2023-08-15,2023-09-05,completed,normal
PO-00403,Exhaust System,L001,P001,1916,2024-11-29,2024-11-30,completed,normal
PO-00404,Dashboard Assembly,L001,P001,1698,2023-08-18,2023-08-27,planned,high
PO-00405,Brake Assembly,L005,P002,1794,2024-03-09,2024-04-07,completed,normal
PO-00406,Steering Column,L008,P003,1738,2023-11-06,2023-11-28,in_progress,normal
PO-00407,Suspension Component,L001,P001,1199,2024-06-07,2024-06-29,in_progress,normal
PO-00408,Exhaust System,L005,P002,180,2024-12-01,2024-12-05,completed,normal
PO-00409,Door Frame,L006,P003,435,2023-10-11,2023-10-20,completed,high
PO-00410,Suspension Component,L001,P001,1444,2024-09-06,2024-09-19,completed,low
PO-00411,Brake Assembly,L008,P003,878,2023-10-30,2023-11-08,completed,low
PO-00412,Transmission Assembly,L004,P002,1455,2023-12-18,2024-01-11,completed,high
PO-00413,Battery Module,L006,P003,1771,2024-06-03,2024-06-13,in_progress,normal
PO-00414,Battery Module,L005,P002,1567,2023-04-10,2023-04-26,completed,high
PO-00415,Suspension Component,L003,P001,1390,2024-11-27,2024-12-26,completed,normal
PO-00416,Suspension Component,L005,P002,811,2024-03-06,2024-04-01,completed,normal
PO-00417,Dashboard Assembly,L002,P001,1238,2024-04-26,2024-04-28,planned,low
PO-00418,Brake Assembly,L004,P002,1135,2024-05-27,2024-05-31,completed,low
PO-00419,Suspension Component,L003,P001,888,2023-05-21,2023-05-28,cancelled,high
PO-00420,Battery Module,L008,P003,1645,2023-05-27,2023-06-07,completed,normal
PO-00421,Vehicle Body Panel,L003,P001,59,2023-11-17,2023-12-08,completed,normal
PO-00422,Battery Module,L003,P001,1052,2024-08-13,2024-09-07,in_progress,high
PO-00423,Brake Assembly,L003,P001,876,2024-09-21,2024-10-05,completed,normal
PO-00424,Transmission Assembly,L001,P001,1546,2023-02-08,2023-02-26,completed,low
PO-00425,Vehicle Body Panel,L006,P003,1435,2024-06-27,2024-07-04,completed,high
PO-00426,Battery Module,L004,P002,260,2023-12-19,2023-12-29,completed,normal
PO-00427,Vehicle Body Panel,L003,P001,660,2023-03-08,2023-04-04,planned,normal
PO-00428,Battery Module,L006,P003,751,2024-03-20,2024-04-18,cancelled,normal
PO-00429,Brake Assembly,L004,P002,89,2023-06-18,2023-07-18,completed,high
PO-00430,Vehicle Body Panel,L003,P001,1257,2023-08-05,2023-08-29,completed,low
PO-00431,Door Frame,L001,P001,1629,2024-01-20,2024-02-18,completed,low
PO-00432,Vehicle Body Panel,L001,P001,148,2024-11-08,2024-11-12,in_progress,normal
PO-00433,Door Frame,L007,P003,1021,2023-05-07,2023-05-25,in_progress,normal
PO-00434,Engine Block,L001,P001,1406,2023-11-05,2023-11-19,completed,normal
PO-00435,Engine Block,L003,P001,1097,2024-03-04,2024-03-31,in_progress,low
PO-00436,Transmission Assembly,L002,P001,1297,2023-04-19,2023-05-05,completed,normal
PO-00437,Brake Assembly,L004,P002,654,2024-01-02,2024-01-25,completed,normal
PO-00438,Transmission Assembly,L004,P002,55,2024-05-07,2024-05-18,completed,low
PO-00439,Exhaust System,L002,P001,355,2024-08-10,2024-09-01,planned,high
PO-00440,Door Frame,L002,P001,1369,2023-04-14,2023-05-13,completed,critical
PO-00441,Vehicle Body Panel,L005,P002,254,2023-09-28,2023-10-13,planned,high
PO-00442,Suspension Component,L005,P002,922,2024-01-04,2024-01-30,in_progress,low
PO-00443,Battery Module,L001,P001,1408,2023-01-10,2023-02-07,in_progress,normal
PO-00444,Engine Block,L008,P003,813,2024-09-28,2024-10-07,planned,normal
PO-00445,Door Frame,L007,P003,1761,2024-02-14,2024-02-29,completed,high
PO-00446,Battery Module,L007,P003,281,2024-10-26,2024-11-24,completed,high
PO-00447,Dashboard Assembly,L003,P001,1038,2023-04-17,2023-05-01,planned,normal
PO-00448,Suspension Component,L003,P001,1302,2024-09-17,2024-09-30,completed,normal
PO-00449,Exhaust System,L003,P001,281,2024-05-09,2024-06-08,planned,normal
PO-00450,Suspension Component,L002,P001,75,2023-09-25,2023-10-16,in_progress,normal
PO-00451,Suspension Component,L004,P002,1113,2024-11-16,2024-12-14,completed,high
PO-00452,Transmission Assembly,L002,P001,1036,2024-03-19,2024-04-10,completed,normal
PO-00453,Steering Column,L007,P003,1876,2023-06-02,2023-06-29,cancelled,low
PO-00454,Exhaust System,L003,P001,1794,2024-06-01,2024-06-29,completed,normal
PO-00455,Suspension Component,L008,P003,619,2023-11-25,2023-12-03,completed,normal
PO-00456,Transmission Assembly,L007,P003,211,2024-02-17,2024-03-15,completed,high
PO-00457,Exhaust System,L008,P003,965,2023-04-01,2023-04-29,completed,critical
PO-00458,Brake Assembly,L001,P001,123,2023-04-16,2023-04-29,in_progress,low
PO-00459,Door Frame,L002,P001,1872,2024-09-10,2024-09-30,completed,normal
PO-00460,Vehicle Body Panel,L008,P003,1722,2023-12-16,2023-12-28,completed,normal
PO-00461,Exhaust System,L008,P003,283,2024-11-03,2024-11-15,completed,normal
PO-00462,Door Frame,L001,P001,1171,2023-12-16,2023-12-28,completed,high
PO-00463,Battery Module,L001,P001,1733,2023-06-18,2023-07-04,in_progress,high
PO-00464,Transmission Assembly,L002,P001,434,2023-09-18,2023-10-08,completed,high
PO-00465,Transmission Assembly,L004,P002,1517,2024-04-13,2024-05-10,completed,high
PO-00466,Dashboard Assembly,L001,P001,302,2024-10-10,2024-11-06,in_progress,normal
PO-00467,Steering Column,L003,P001,1557,2024-05-25,2024-05-26,completed,high
PO-00468,Battery Module,L008,P003,1466,2024-06-04,2024-06-29,in_progress,high
PO-00469,Dashboard Assembly,L003,P001,1291,2023-04-17,2023-04-30,planned,normal
PO-00470,Transmission Assembly,L007,P003,610,2024-03-04,2024-03-24,completed,normal
PO-00471,Battery Module,L005,P002,332,2024-04-08,2024-05-04,completed,high
PO-00472,Suspension Component,L005,P002,1507,2024-07-14,2024-08-11,in_progress,normal
PO-00473,Dashboard Assembly,L004,P002,1513,2023-07-25,2023-08-01,completed,normal
PO-00474,Steering Column,L003,P001,1161,2024-10-27,2024-11-02,in_progress,normal
PO-00475,Exhaust System,L002,P001,1243,2023-12-27,2024-01-14,in_progress,normal
PO-00476,Steering Column,L007,P003,635,2024-11-21,2024-12-15,planned,normal
PO-00477,Vehicle Body Panel,L001,P001,830,2024-06-19,2024-06-23,completed,normal
PO-00478,Battery Module,L004,P002,636,2023-10-01,2023-10-26,in_progress,low
PO-00479,Steering Column,L001,P001,116,2023-10-30,2023-11-06,completed,normal
PO-00480,Brake Assembly,L004,P002,536,2024-10-24,2024-11-11,completed,high
PO-00481,Brake Assembly,L005,P002,843,2024-11-11,2024-11-13,completed,high
PO-00482,Vehicle Body Panel,L006,P003,1573,2024-07-19,2024-07-21,completed,normal
PO-00483,Suspension Component,L008,P003,1596,2023-08-19,2023-09-18,in_progress,high
PO-00484,Exhaust System,L004,P002,413,2023-07-18,2023-07-28,cancelled,low
PO-00485,Brake Assembly,L003,P001,133,2024-06-10,2024-06-14,completed,normal
PO-00486,Door Frame,L003,P001,61,2023-06-14,2023-07-03,completed,high
PO-00487,Suspension Component,L003,P001,1272,2023-02-10,2023-02-15,completed,high
PO-00488,Dashboard Assembly,L005,P002,1176,2024-05-17,2024-06-12,completed,high
PO-00489,Battery Module,L006,P003,1116,2024-06-22,2024-06-30,completed,normal
PO-00490,Brake Assembly,L007,P003,238,2024-07-10,2024-07-28,completed,high
PO-00491,Door Frame,L006,P003,497,2023-12-06,2023-12-18,cancelled,normal
PO-00492,Vehicle Body Panel,L008,P003,284,2024-07-28,2024-08-24,in_progress,normal
PO-00493,Suspension Component,L004,P002,831,2023-02-10,2023-03-04,planned,high
PO-00494,Door Frame,L007,P003,100,2023-09-20,2023-10-08,planned,high
PO-00495,Steering Column,L006,P003,962,2024-06-10,2024-07-06,completed,normal
PO-00496,Engine Block,L004,P002,1991,2023-11-25,2023-12-12,completed,critical
PO-00497,Transmission Assembly,L001,P001,1422,2024-10-03,2024-10-06,in_progress,normal
PO-00498,Steering Column,L007,P003,1747,2023-04-17,2023-04-24,in_progress,critical
PO-00499,Engine Block,L007,P003,1579,2024-10-24,2024-11-20,in_progress,low
PO-00500,Engine Block,L006,P003,161,2023-02-08,2023-02-11,completed,normal
